<?xml version="1.0" encoding="UTF-8" standalone="yes"?>
<CURRENCIES>
<LAST_UPDATE>2011-01-06</LAST_UPDATE>
<CURRENCY id = "fff">
<NAME>Dollar</NAME>
<UNIT>1</UNIT>
<CURRENCYCODE>USD</CURRENCYCODE>
<COUNTRY>USA</COUNTRY>
<RATE>3.558</RATE>
<CHANGE>0.452</CHANGE>
</CURRENCY>
<CURRENCY>
<NAME>Pound</NAME>
<UNIT>1</UNIT>
<CURRENCYCODE>GBP</CURRENCYCODE>
<COUNTRY>Great Britain</COUNTRY>
<RATE>5.5089</RATE>
<CHANGE>-0.125</CHANGE>
</CURRENCY>
<CURRENCY>
<NAME>Yen</NAME>
<UNIT>100</UNIT>
<CURRENCYCODE>JPY</CURRENCYCODE>
<COUNTRY>Japan</COUNTRY>
<RATE>4.2788</RATE>
<CHANGE>-0.616</CHANGE>
</CURRENCY>
<CURRENCY>
<NAME>Euro</NAME>
<UNIT>1</UNIT>
<CURRENCYCODE>EUR</CURRENCYCODE>
<COUNTRY>EMU</COUNTRY>
<RATE>4.6624</RATE>
<CHANGE>-0.374</CHANGE>
</CURRENCY>
<CURRENCY>
<NAME>Dollar</NAME>
<UNIT>1</UNIT>
<CURRENCYCODE>AUD</CURRENCYCODE>
<COUNTRY>Australia</COUNTRY>
<RATE>3.55</RATE>
<CHANGE>0.291</CHANGE>
</CURRENCY>
<CURRENCY>
<NAME>Dollar</NAME>
<UNIT>1</UNIT>
<CURRENCYCODE>CAD</CURRENCYCODE>
<COUNTRY>Canada</COUNTRY>
<RATE>3.5813</RATE>
<CHANGE>1.307</CHANGE>
</CURRENCY>
<CURRENCY>
<NAME>krone</NAME>
<UNIT>1</UNIT>
<CURRENCYCODE>DKK</CURRENCYCODE>
<COUNTRY>Denmark</COUNTRY>
<RATE>0.6257</RATE>
<CHANGE>-0.35</CHANGE>
</CURRENCY>
<CURRENCY>
<NAME>Krone</NAME>
<UNIT>1</UNIT>
<CURRENCYCODE>NOK</CURRENCYCODE>
<COUNTRY>Norway</COUNTRY>
<RATE>0.6014</RATE>
<CHANGE>0.217</CHANGE>
</CURRENCY>
<CURRENCY>
<NAME>Rand</NAME>
<UNIT>1</UNIT>
<CURRENCYCODE>ZAR</CURRENCYCODE>
<COUNTRY>South Africa</COUNTRY>
<RATE>0.5249</RATE>
<CHANGE>-0.095</CHANGE>
</CURRENCY>
<CURRENCY>
<NAME>Krona</NAME>
<UNIT>1</UNIT>
<CURRENCYCODE>SEK</CURRENCYCODE>
<COUNTRY>Sweden</COUNTRY>
<RATE>0.5229</RATE>
<CHANGE>-0.076</CHANGE>
</CURRENCY>
<CURRENCY>
<NAME>Franc</NAME>
<UNIT>1</UNIT>
<CURRENCYCODE>CHF</CURRENCYCODE>
<COUNTRY>Switzerland</COUNTRY>
<RATE>3.6766</RATE>
<CHANGE>-0.954</CHANGE>
</CURRENCY>
<CURRENCY>
<NAME>Dinar</NAME>
<UNIT>1</UNIT>
<CURRENCYCODE>JOD</CURRENCYCODE>
<COUNTRY>Jordan</COUNTRY>
<RATE>5.0236</RATE>
<CHANGE>0.486</CHANGE>
</CURRENCY>
<CURRENCY>
<NAME>Pound</NAME>
<UNIT>10</UNIT>
<CURRENCYCODE>LBP</CURRENCYCODE>
<COUNTRY>Lebanon</COUNTRY>
<RATE>0.0237</RATE>
<CHANGE>0.851</CHANGE>
</CURRENCY>
<CURRENCY>
<NAME>Pound</NAME>
<UNIT>1</UNIT>
<CURRENCYCODE>EGP</CURRENCYCODE>
<COUNTRY>Egypt</COUNTRY>
<RATE>0.6135</RATE>
<CHANGE>0.393</CHANGE>
</CURRENCY>
</CURRENCIES>